name,image,html,player_name,nba_id
PreciousAchiuwa,https://cdn.nba.com/headshots/nba/latest/260x190/1630173.png,/player/1630173/precious-achiuwa/,precious achiuwa,1630173
StevenAdams,https://cdn.nba.com/headshots/nba/latest/260x190/203500.png,/player/203500/steven-adams/,steven adams,203500
BamAdebayo,https://cdn.nba.com/headshots/nba/latest/260x190/1628389.png,/player/1628389/bam-adebayo/,bam adebayo,1628389
OchaiAgbaji,https://cdn.nba.com/headshots/nba/latest/260x190/1630534.png,/player/1630534/ochai-agbaji/,ochai agbaji,1630534
SantiAldama,https://cdn.nba.com/headshots/nba/latest/260x190/1630583.png,/player/1630583/santi-aldama/,santi aldama,1630583
NickeilAlexander-Walker,https://cdn.nba.com/headshots/nba/latest/260x190/1629638.png,/player/1629638/nickeil-alexander-walker/,nickeil alexander walker,1629638
GraysonAllen,https://cdn.nba.com/headshots/nba/latest/260x190/1628960.png,/player/1628960/grayson-allen/,grayson allen,1628960
JarrettAllen,https://cdn.nba.com/headshots/nba/latest/260x190/1628386.png,/player/1628386/jarrett-allen/,jarrett allen,1628386
JoseAlvarado,https://cdn.nba.com/headshots/nba/latest/260x190/1630631.png,/player/1630631/jose-alvarado/,jose alvarado,1630631
KyleAnderson,https://cdn.nba.com/headshots/nba/latest/260x190/203937.png,/player/203937/kyle-anderson/,kyle anderson,203937
GiannisAntetokounmpo,https://cdn.nba.com/headshots/nba/latest/260x190/203507.png,/player/203507/giannis-antetokounmpo/,giannis antetokounmpo,203507
ThanasisAntetokounmpo,https://cdn.nba.com/headshots/nba/latest/260x190/203648.png,/player/203648/thanasis-antetokounmpo/,thanasis antetokounmpo,203648
ColeAnthony,https://cdn.nba.com/headshots/nba/latest/260x190/1630175.png,/player/1630175/cole-anthony/,cole anthony,1630175
O.G.Anunoby,https://cdn.nba.com/headshots/nba/latest/260x190/1628384.png,/player/1628384/og-anunoby/,og anunoby,1628384
RyanArcidiacono,https://cdn.nba.com/headshots/nba/latest/260x190/1627853.png,/player/1627853/ryan-arcidiacono/,ryan arcidiacono,1627853
DeniAvdija,https://cdn.nba.com/headshots/nba/latest/260x190/1630166.png,/player/1630166/deni-avdija/,deni avdija,1630166
DeandreAyton,https://cdn.nba.com/headshots/nba/latest/260x190/1629028.png,/player/1629028/deandre-ayton/,deandre ayton,1629028
UdokaAzubuike,https://cdn.nba.com/headshots/nba/latest/260x190/1628962.png,/player/1628962/udoka-azubuike/,udoka azubuike,1628962
IbouBadji,https://cdn.nba.com/headshots/nba/latest/260x190/1630641.png,/player/1630641/ibou-badji/,ibou badji,1630641
MarvinBagley III,https://cdn.nba.com/headshots/nba/latest/260x190/1628963.png,/player/1628963/marvin-bagley-iii/,marvin bagley iii,1628963
PatrickBaldwin Jr.,https://cdn.nba.com/headshots/nba/latest/260x190/1631116.png,/player/1631116/patrick-baldwin-jr/,patrick baldwin jr,1631116
LaMeloBall,https://cdn.nba.com/headshots/nba/latest/260x190/1630163.png,/player/1630163/lamelo-ball/,lamelo ball,1630163
LonzoBall,https://cdn.nba.com/headshots/nba/latest/260x190/1628366.png,/player/1628366/lonzo-ball/,lonzo ball,1628366
MoBamba,https://cdn.nba.com/headshots/nba/latest/260x190/1628964.png,/player/1628964/mo-bamba/,mo bamba,1628964
PaoloBanchero,https://cdn.nba.com/headshots/nba/latest/260x190/1631094.png,/player/1631094/paolo-banchero/,paolo banchero,1631094
DesmondBane,https://cdn.nba.com/headshots/nba/latest/260x190/1630217.png,/player/1630217/desmond-bane/,desmond bane,1630217
DalanoBanton,https://cdn.nba.com/headshots/nba/latest/260x190/1630625.png,/player/1630625/dalano-banton/,dalano banton,1630625
DominickBarlow,https://cdn.nba.com/headshots/nba/latest/260x190/1631230.png,/player/1631230/dominick-barlow/,dominick barlow,1631230
HarrisonBarnes,https://cdn.nba.com/headshots/nba/latest/260x190/203084.png,/player/203084/harrison-barnes/,harrison barnes,203084
ScottieBarnes,https://cdn.nba.com/headshots/nba/latest/260x190/1630567.png,/player/1630567/scottie-barnes/,scottie barnes,1630567
RJBarrett,https://cdn.nba.com/headshots/nba/latest/260x190/1629628.png,/player/1629628/rj-barrett/,rj barrett,1629628
WillBarton,https://cdn.nba.com/headshots/nba/latest/260x190/203115.png,/player/203115/will-barton/,will barton,203115
CharlesBassey,https://cdn.nba.com/headshots/nba/latest/260x190/1629646.png,/player/1629646/charles-bassey/,charles bassey,1629646
KeitaBates-Diop,https://cdn.nba.com/headshots/nba/latest/260x190/1628966.png,/player/1628966/keita-bates-diop/,keita bates diop,1628966
NicolasBatum,https://cdn.nba.com/headshots/nba/latest/260x190/201587.png,/player/201587/nicolas-batum/,nicolas batum,201587
DariusBazley,https://cdn.nba.com/headshots/nba/latest/260x190/1629647.png,/player/1629647/darius-bazley/,darius bazley,1629647
BradleyBeal,https://cdn.nba.com/headshots/nba/latest/260x190/203078.png,/player/203078/bradley-beal/,bradley beal,203078
MalikBeasley,https://cdn.nba.com/headshots/nba/latest/260x190/1627736.png,/player/1627736/malik-beasley/,malik beasley,1627736
MarJonBeauchamp,https://cdn.nba.com/headshots/nba/latest/260x190/1630699.png,/player/1630699/marjon-beauchamp/,marjon beauchamp,1630699
DavisBertans,https://cdn.nba.com/headshots/nba/latest/260x190/202722.png,/player/202722/davis-bertans/,davis bertans,202722
PatrickBeverley,https://cdn.nba.com/headshots/nba/latest/260x190/201976.png,/player/201976/patrick-beverley/,patrick beverley,201976
SaddiqBey,https://cdn.nba.com/headshots/nba/latest/260x190/1630180.png,/player/1630180/saddiq-bey/,saddiq bey,1630180
KhemBirch,https://cdn.nba.com/headshots/nba/latest/260x190/203920.png,/player/203920/khem-birch/,khem birch,203920
GogaBitadze,https://cdn.nba.com/headshots/nba/latest/260x190/1629048.png,/player/1629048/goga-bitadze/,goga bitadze,1629048
BismackBiyombo,https://cdn.nba.com/headshots/nba/latest/260x190/202687.png,/player/202687/bismack-biyombo/,bismack biyombo,202687
BuddyBoeheim,https://cdn.nba.com/headshots/nba/latest/260x190/1631205.png,/player/1631205/buddy-boeheim/,buddy boeheim,1631205
BogdanBogdanovic,https://cdn.nba.com/headshots/nba/latest/260x190/203992.png,/player/203992/bogdan-bogdanovic/,bogdan bogdanovic,203992
BojanBogdanovic,https://cdn.nba.com/headshots/nba/latest/260x190/202711.png,/player/202711/bojan-bogdanovic/,bojan bogdanovic,202711
BolBol,https://cdn.nba.com/headshots/nba/latest/260x190/1629626.png,/player/1629626/bol-bol/,bol bol,1629626
LeandroBolmaro,https://cdn.nba.com/headshots/nba/latest/260x190/1630195.png,/player/1630195/leandro-bolmaro/,leandro bolmaro,1630195
DevinBooker,https://cdn.nba.com/headshots/nba/latest/260x190/1626164.png,/player/1626164/devin-booker/,devin booker,1626164
BrandonBoston Jr.,https://cdn.nba.com/headshots/nba/latest/260x190/1630527.png,/player/1630527/brandon-boston-jr/,brandon boston jr,1630527
ChrisBoucher,https://cdn.nba.com/headshots/nba/latest/260x190/1628449.png,/player/1628449/chris-boucher/,chris boucher,1628449
JamesBouknight,https://cdn.nba.com/headshots/nba/latest/260x190/1630547.png,/player/1630547/james-bouknight/,james bouknight,1630547
TonyBradley,https://cdn.nba.com/headshots/nba/latest/260x190/1628396.png,/player/1628396/tony-bradley/,tony bradley,1628396
MalakiBranham,https://cdn.nba.com/headshots/nba/latest/260x190/1631103.png,/player/1631103/malaki-branham/,malaki branham,1631103
ChristianBraun,https://cdn.nba.com/headshots/nba/latest/260x190/1631128.png,/player/1631128/christian-braun/,christian braun,1631128
MikalBridges,https://cdn.nba.com/headshots/nba/latest/260x190/1628969.png,/player/1628969/mikal-bridges/,mikal bridges,1628969
OshaeBrissett,https://cdn.nba.com/headshots/nba/latest/260x190/1629052.png,/player/1629052/oshae-brissett/,oshae brissett,1629052
MalcolmBrogdon,https://cdn.nba.com/headshots/nba/latest/260x190/1627763.png,/player/1627763/malcolm-brogdon/,malcolm brogdon,1627763
DillonBrooks,https://cdn.nba.com/headshots/nba/latest/260x190/1628415.png,/player/1628415/dillon-brooks/,dillon brooks,1628415
BruceBrown,https://cdn.nba.com/headshots/nba/latest/260x190/1628971.png,/player/1628971/bruce-brown/,bruce brown,1628971
JaylenBrown,https://cdn.nba.com/headshots/nba/latest/260x190/1627759.png,/player/1627759/jaylen-brown/,jaylen brown,1627759
KendallBrown,https://cdn.nba.com/headshots/nba/latest/260x190/1631112.png,/player/1631112/kendall-brown/,kendall brown,1631112
MosesBrown,https://cdn.nba.com/headshots/nba/latest/260x190/1629650.png,/player/1629650/moses-brown/,moses brown,1629650
SterlingBrown,https://cdn.nba.com/headshots/nba/latest/260x190/1628425.png,/player/1628425/sterling-brown/,sterling brown,1628425
GregBrown III,https://cdn.nba.com/headshots/nba/latest/260x190/1630535.png,/player/1630535/greg-brown-iii/,greg brown iii,1630535
TroyBrown Jr.,https://cdn.nba.com/headshots/nba/latest/260x190/1628972.png,/player/1628972/troy-brown-jr/,troy brown jr,1628972
JalenBrunson,https://cdn.nba.com/headshots/nba/latest/260x190/1628973.png,/player/1628973/jalen-brunson/,jalen brunson,1628973
ThomasBryant,https://cdn.nba.com/headshots/nba/latest/260x190/1628418.png,/player/1628418/thomas-bryant/,thomas bryant,1628418
ReggieBullock,https://cdn.nba.com/headshots/nba/latest/260x190/203493.png,/player/203493/reggie-bullock/,reggie bullock,203493
AlecBurks,https://cdn.nba.com/headshots/nba/latest/260x190/202692.png,/player/202692/alec-burks/,alec burks,202692
JimmyButler,https://cdn.nba.com/headshots/nba/latest/260x190/202710.png,/player/202710/jimmy-butler/,jimmy butler,202710
JohnButler Jr.,https://cdn.nba.com/headshots/nba/latest/260x190/1631219.png,/player/1631219/john-butler-jr/,john butler jr,1631219
JamalCain,https://cdn.nba.com/headshots/nba/latest/260x190/1631288.png,/player/1631288/jamal-cain/,jamal cain,1631288
KentaviousCaldwell-Pope,https://cdn.nba.com/headshots/nba/latest/260x190/203484.png,/player/203484/kentavious-caldwell-pope/,kentavious caldwell pope,203484
FacundoCampazzo,https://cdn.nba.com/headshots/nba/latest/260x190/1630267.png,/player/1630267/facundo-campazzo/,facundo campazzo,1630267
VlatkoCancar,https://cdn.nba.com/headshots/nba/latest/260x190/1628427.png,/player/1628427/vlatko-cancar/,vlatko cancar,1628427
ClintCapela,https://cdn.nba.com/headshots/nba/latest/260x190/203991.png,/player/203991/clint-capela/,clint capela,203991
VernonCarey Jr.,https://cdn.nba.com/headshots/nba/latest/260x190/1630176.png,/player/1630176/vernon-carey-jr/,vernon carey jr,1630176
JevonCarter,https://cdn.nba.com/headshots/nba/latest/260x190/1628975.png,/player/1628975/jevon-carter/,jevon carter,1628975
WendellCarter Jr.,https://cdn.nba.com/headshots/nba/latest/260x190/1628976.png,/player/1628976/wendell-carter-jr/,wendell carter jr,1628976
AlexCaruso,https://cdn.nba.com/headshots/nba/latest/260x190/1627936.png,/player/1627936/alex-caruso/,alex caruso,1627936
JulianChampagnie,https://cdn.nba.com/headshots/nba/latest/260x190/1630577.png,/player/1630577/julian-champagnie/,julian champagnie,1630577
JustinChampagnie,https://cdn.nba.com/headshots/nba/latest/260x190/1630551.png,/player/1630551/justin-champagnie/,justin champagnie,1630551
KennedyChandler,https://cdn.nba.com/headshots/nba/latest/260x190/1631113.png,/player/1631113/kennedy-chandler/,kennedy chandler,1631113
MaxChristie,https://cdn.nba.com/headshots/nba/latest/260x190/1631108.png,/player/1631108/max-christie/,max christie,1631108
JoshChristopher,https://cdn.nba.com/headshots/nba/latest/260x190/1630528.png,/player/1630528/josh-christopher/,josh christopher,1630528
BrandonClarke,https://cdn.nba.com/headshots/nba/latest/260x190/1629634.png,/player/1629634/brandon-clarke/,brandon clarke,1629634
JordanClarkson,https://cdn.nba.com/headshots/nba/latest/260x190/203903.png,/player/203903/jordan-clarkson/,jordan clarkson,203903
NicClaxton,https://cdn.nba.com/headshots/nba/latest/260x190/1629651.png,/player/1629651/nic-claxton/,nic claxton,1629651
AmirCoffey,https://cdn.nba.com/headshots/nba/latest/260x190/1629599.png,/player/1629599/amir-coffey/,amir coffey,1629599
JohnCollins,https://cdn.nba.com/headshots/nba/latest/260x190/1628381.png,/player/1628381/john-collins/,john collins,1628381
ZachCollins,https://cdn.nba.com/headshots/nba/latest/260x190/1628380.png,/player/1628380/zach-collins/,zach collins,1628380
MikeConley,https://cdn.nba.com/headshots/nba/latest/260x190/201144.png,/player/201144/mike-conley/,mike conley,201144
PatConnaughton,https://cdn.nba.com/headshots/nba/latest/260x190/1626192.png,/player/1626192/pat-connaughton/,pat connaughton,1626192
RobertCovington,https://cdn.nba.com/headshots/nba/latest/260x190/203496.png,/player/203496/robert-covington/,robert covington,203496
TorreyCraig,https://cdn.nba.com/headshots/nba/latest/260x190/1628470.png,/player/1628470/torrey-craig/,torrey craig,1628470
JaeCrowder,https://cdn.nba.com/headshots/nba/latest/260x190/203109.png,/player/203109/jae-crowder/,jae crowder,203109
JarrettCulver,https://cdn.nba.com/headshots/nba/latest/260x190/1629633.png,/player/1629633/jarrett-culver/,jarrett culver,1629633
CadeCunningham,https://cdn.nba.com/headshots/nba/latest/260x190/1630595.png,/player/1630595/cade-cunningham/,cade cunningham,1630595
SethCurry,https://cdn.nba.com/headshots/nba/latest/260x190/203552.png,/player/203552/seth-curry/,seth curry,203552
StephenCurry,https://cdn.nba.com/headshots/nba/latest/260x190/201939.png,/player/201939/stephen-curry/,stephen curry,201939
DysonDaniels,https://cdn.nba.com/headshots/nba/latest/260x190/1630700.png,/player/1630700/dyson-daniels/,dyson daniels,1630700
AnthonyDavis,https://cdn.nba.com/headshots/nba/latest/260x190/203076.png,/player/203076/anthony-davis/,anthony davis,203076
JohnnyDavis,https://cdn.nba.com/headshots/nba/latest/260x190/1631098.png,/player/1631098/johnny-davis/,johnny davis,1631098
TerenceDavis,https://cdn.nba.com/headshots/nba/latest/260x190/1629056.png,/player/1629056/terence-davis/,terence davis,1629056
JDDavison,https://cdn.nba.com/headshots/nba/latest/260x190/1631120.png,/player/1631120/jd-davison/,jd davison,1631120
DariusDays,https://cdn.nba.com/headshots/nba/latest/260x190/1630620.png,/player/1630620/darius-days/,darius days,1630620
DeMarDeRozan,https://cdn.nba.com/headshots/nba/latest/260x190/201942.png,/player/201942/demar-derozan/,demar derozan,201942
DewayneDedmon,https://cdn.nba.com/headshots/nba/latest/260x190/203473.png,/player/203473/dewayne-dedmon/,dewayne dedmon,203473
MatthewDellavedova,https://cdn.nba.com/headshots/nba/latest/260x190/203521.png,/player/203521/matthew-dellavedova/,matthew dellavedova,203521
DonteDiVincenzo,https://cdn.nba.com/headshots/nba/latest/260x190/1628978.png,/player/1628978/donte-divincenzo/,donte divincenzo,1628978
MoussaDiabate,https://cdn.nba.com/headshots/nba/latest/260x190/1631217.png,/player/1631217/moussa-diabate/,moussa diabate,1631217
MamadiDiakite,https://cdn.nba.com/headshots/nba/latest/260x190/1629603.png,/player/1629603/mamadi-diakite/,mamadi diakite,1629603
HamidouDiallo,https://cdn.nba.com/headshots/nba/latest/260x190/1628977.png,/player/1628977/hamidou-diallo/,hamidou diallo,1628977
GorguiDieng,https://cdn.nba.com/headshots/nba/latest/260x190/203476.png,/player/203476/gorgui-dieng/,gorgui dieng,203476
OusmaneDieng,https://cdn.nba.com/headshots/nba/latest/260x190/1631172.png,/player/1631172/ousmane-dieng/,ousmane dieng,1631172
SpencerDinwiddie,https://cdn.nba.com/headshots/nba/latest/260x190/203915.png,/player/203915/spencer-dinwiddie/,spencer dinwiddie,203915
LukaDoncic,https://cdn.nba.com/headshots/nba/latest/260x190/1629029.png,/player/1629029/luka-doncic/,luka doncic,1629029
TylerDorsey,https://cdn.nba.com/headshots/nba/latest/260x190/1628416.png,/player/1628416/tyler-dorsey/,tyler dorsey,1628416
LuguentzDort,https://cdn.nba.com/headshots/nba/latest/260x190/1629652.png,/player/1629652/luguentz-dort/,luguentz dort,1629652
AyoDosunmu,https://cdn.nba.com/headshots/nba/latest/260x190/1630245.png,/player/1630245/ayo-dosunmu/,ayo dosunmu,1630245
DevonDotson,https://cdn.nba.com/headshots/nba/latest/260x190/1629653.png,/player/1629653/devon-dotson/,devon dotson,1629653
JeffDowtin Jr.,https://cdn.nba.com/headshots/nba/latest/260x190/1630288.png,/player/1630288/jeff-dowtin-jr/,jeff dowtin jr,1630288
PJDozier,https://cdn.nba.com/headshots/nba/latest/260x190/1628408.png,/player/1628408/pj-dozier/,pj dozier,1628408
GoranDragic,https://cdn.nba.com/headshots/nba/latest/260x190/201609.png,/player/201609/goran-dragic/,goran dragic,201609
AndreDrummond,https://cdn.nba.com/headshots/nba/latest/260x190/203083.png,/player/203083/andre-drummond/,andre drummond,203083
ChrisDuarte,https://cdn.nba.com/headshots/nba/latest/260x190/1630537.png,/player/1630537/chris-duarte/,chris duarte,1630537
DavidDuke Jr.,https://cdn.nba.com/headshots/nba/latest/260x190/1630561.png,/player/1630561/david-duke-jr/,david duke jr,1630561
KevinDurant,https://cdn.nba.com/headshots/nba/latest/260x190/201142.png,/player/201142/kevin-durant/,kevin durant,201142
JalenDuren,https://cdn.nba.com/headshots/nba/latest/260x190/1631105.png,/player/1631105/jalen-duren/,jalen duren,1631105
TariEason,https://cdn.nba.com/headshots/nba/latest/260x190/1631106.png,/player/1631106/tari-eason/,tari eason,1631106
AnthonyEdwards,https://cdn.nba.com/headshots/nba/latest/260x190/1630162.png,/player/1630162/anthony-edwards/,anthony edwards,1630162
KesslerEdwards,https://cdn.nba.com/headshots/nba/latest/260x190/1630556.png,/player/1630556/kessler-edwards/,kessler edwards,1630556
KeonEllis,https://cdn.nba.com/headshots/nba/latest/260x190/1631165.png,/player/1631165/keon-ellis/,keon ellis,1631165
JoelEmbiid,https://cdn.nba.com/headshots/nba/latest/260x190/203954.png,/player/203954/joel-embiid/,joel embiid,203954
DrewEubanks,https://cdn.nba.com/headshots/nba/latest/260x190/1629234.png,/player/1629234/drew-eubanks/,drew eubanks,1629234
BrunoFernando,https://cdn.nba.com/headshots/nba/latest/260x190/1628981.png,/player/1628981/bruno-fernando/,bruno fernando,1628981
DorianFinney-Smith,https://cdn.nba.com/headshots/nba/latest/260x190/1627827.png,/player/1627827/dorian-finney-smith/,dorian finney smith,1627827
MalachiFlynn,https://cdn.nba.com/headshots/nba/latest/260x190/1630201.png,/player/1630201/malachi-flynn/,malachi flynn,1630201
SimoneFontecchio,https://cdn.nba.com/headshots/nba/latest/260x190/1631323.png,/player/1631323/simone-fontecchio/,simone fontecchio,1631323
BrynForbes,https://cdn.nba.com/headshots/nba/latest/260x190/1627854.png,/player/1627854/bryn-forbes/,bryn forbes,1627854
TrentForrest,https://cdn.nba.com/headshots/nba/latest/260x190/1630235.png,/player/1630235/trent-forrest/,trent forrest,1630235
MichaelFoster Jr.,https://cdn.nba.com/headshots/nba/latest/260x190/1630701.png,/player/1630701/michael-foster-jr/,michael foster jr,1630701
EvanFournier,https://cdn.nba.com/headshots/nba/latest/260x190/203095.png,/player/203095/evan-fournier/,evan fournier,203095
De'AaronFox,https://cdn.nba.com/headshots/nba/latest/260x190/1628368.png,/player/1628368/deaaron-fox/,deaaron fox,1628368
MarkelleFultz,https://cdn.nba.com/headshots/nba/latest/260x190/1628365.png,/player/1628365/markelle-fultz/,markelle fultz,1628365
WenyenGabriel,https://cdn.nba.com/headshots/nba/latest/260x190/1629117.png,/player/1629117/wenyen-gabriel/,wenyen gabriel,1629117
DanielGafford,https://cdn.nba.com/headshots/nba/latest/260x190/1629655.png,/player/1629655/daniel-gafford/,daniel gafford,1629655
DaniloGallinari,https://cdn.nba.com/headshots/nba/latest/260x190/201568.png,/player/201568/danilo-gallinari/,danilo gallinari,201568
DariusGarland,https://cdn.nba.com/headshots/nba/latest/260x190/1629636.png,/player/1629636/darius-garland/,darius garland,1629636
UsmanGaruba,https://cdn.nba.com/headshots/nba/latest/260x190/1630586.png,/player/1630586/usman-garuba/,usman garuba,1630586
LukaGarza,https://cdn.nba.com/headshots/nba/latest/260x190/1630568.png,/player/1630568/luka-garza/,luka garza,1630568
RudyGay,https://cdn.nba.com/headshots/nba/latest/260x190/200752.png,/player/200752/rudy-gay/,rudy gay,200752
PaulGeorge,https://cdn.nba.com/headshots/nba/latest/260x190/202331.png,/player/202331/paul-george/,paul george,202331
TajGibson,https://cdn.nba.com/headshots/nba/latest/260x190/201959.png,/player/201959/taj-gibson/,taj gibson,201959
JoshGiddey,https://cdn.nba.com/headshots/nba/latest/260x190/1630581.png,/player/1630581/josh-giddey/,josh giddey,1630581
ShaiGilgeous-Alexander,https://cdn.nba.com/headshots/nba/latest/260x190/1628983.png,/player/1628983/shai-gilgeous-alexander/,shai gilgeous alexander,1628983
AnthonyGill,https://cdn.nba.com/headshots/nba/latest/260x190/1630264.png,/player/1630264/anthony-gill/,anthony gill,1630264
CollinGillespie,https://cdn.nba.com/headshots/nba/latest/260x190/1631221.png,/player/1631221/collin-gillespie/,collin gillespie,1631221
RudyGobert,https://cdn.nba.com/headshots/nba/latest/260x190/203497.png,/player/203497/rudy-gobert/,rudy gobert,203497
JordanGoodwin,https://cdn.nba.com/headshots/nba/latest/260x190/1630692.png,/player/1630692/jordan-goodwin/,jordan goodwin,1630692
AaronGordon,https://cdn.nba.com/headshots/nba/latest/260x190/203932.png,/player/203932/aaron-gordon/,aaron gordon,203932
EricGordon,https://cdn.nba.com/headshots/nba/latest/260x190/201569.png,/player/201569/eric-gordon/,eric gordon,201569
Devonte'Graham,https://cdn.nba.com/headshots/nba/latest/260x190/1628984.png,/player/1628984/devonte-graham/,devonte graham,1628984
JeramiGrant,https://cdn.nba.com/headshots/nba/latest/260x190/203924.png,/player/203924/jerami-grant/,jerami grant,203924
AJGreen,https://cdn.nba.com/headshots/nba/latest/260x190/1631260.png,/player/1631260/aj-green/,aj green,1631260
DannyGreen,https://cdn.nba.com/headshots/nba/latest/260x190/201980.png,/player/201980/danny-green/,danny green,201980
DraymondGreen,https://cdn.nba.com/headshots/nba/latest/260x190/203110.png,/player/203110/draymond-green/,draymond green,203110
JaMychalGreen,https://cdn.nba.com/headshots/nba/latest/260x190/203210.png,/player/203210/jamychal-green/,jamychal green,203210
JalenGreen,https://cdn.nba.com/headshots/nba/latest/260x190/1630224.png,/player/1630224/jalen-green/,jalen green,1630224
JavonteGreen,https://cdn.nba.com/headshots/nba/latest/260x190/1629750.png,/player/1629750/javonte-green/,javonte green,1629750
JeffGreen,https://cdn.nba.com/headshots/nba/latest/260x190/201145.png,/player/201145/jeff-green/,jeff green,201145
JoshGreen,https://cdn.nba.com/headshots/nba/latest/260x190/1630182.png,/player/1630182/josh-green/,josh green,1630182
AJGriffin,https://cdn.nba.com/headshots/nba/latest/260x190/1631100.png,/player/1631100/aj-griffin/,aj griffin,1631100
BlakeGriffin,https://cdn.nba.com/headshots/nba/latest/260x190/201933.png,/player/201933/blake-griffin/,blake griffin,201933
QuentinGrimes,https://cdn.nba.com/headshots/nba/latest/260x190/1629656.png,/player/1629656/quentin-grimes/,quentin grimes,1629656
RuiHachimura,https://cdn.nba.com/headshots/nba/latest/260x190/1629060.png,/player/1629060/rui-hachimura/,rui hachimura,1629060
TyreseHaliburton,https://cdn.nba.com/headshots/nba/latest/260x190/1630169.png,/player/1630169/tyrese-haliburton/,tyrese haliburton,1630169
JordanHall,https://cdn.nba.com/headshots/nba/latest/260x190/1631160.png,/player/1631160/jordan-hall/,jordan hall,1631160
R.J.Hampton,https://cdn.nba.com/headshots/nba/latest/260x190/1630181.png,/player/1630181/rj-hampton/,rj hampton,1630181
TimHardaway Jr.,https://cdn.nba.com/headshots/nba/latest/260x190/203501.png,/player/203501/tim-hardaway-jr/,tim hardaway jr,203501
JamesHarden,https://cdn.nba.com/headshots/nba/latest/260x190/201935.png,/player/201935/james-harden/,james harden,201935
JadenHardy,https://cdn.nba.com/headshots/nba/latest/260x190/1630702.png,/player/1630702/jaden-hardy/,jaden hardy,1630702
RonHarper Jr.,https://cdn.nba.com/headshots/nba/latest/260x190/1631199.png,/player/1631199/ron-harper-jr/,ron harper jr,1631199
MontrezlHarrell,https://cdn.nba.com/headshots/nba/latest/260x190/1626149.png,/player/1626149/montrezl-harrell/,montrezl harrell,1626149
GaryHarris,https://cdn.nba.com/headshots/nba/latest/260x190/203914.png,/player/203914/gary-harris/,gary harris,203914
JoeHarris,https://cdn.nba.com/headshots/nba/latest/260x190/203925.png,/player/203925/joe-harris/,joe harris,203925
KevonHarris,https://cdn.nba.com/headshots/nba/latest/260x190/1630284.png,/player/1630284/kevon-harris/,kevon harris,1630284
TobiasHarris,https://cdn.nba.com/headshots/nba/latest/260x190/202699.png,/player/202699/tobias-harris/,tobias harris,202699
JoshHart,https://cdn.nba.com/headshots/nba/latest/260x190/1628404.png,/player/1628404/josh-hart/,josh hart,1628404
IsaiahHartenstein,https://cdn.nba.com/headshots/nba/latest/260x190/1628392.png,/player/1628392/isaiah-hartenstein/,isaiah hartenstein,1628392
UdonisHaslem,https://cdn.nba.com/headshots/nba/latest/260x190/2617.png,/player/2617/udonis-haslem/,udonis haslem,2617
SamHauser,https://cdn.nba.com/headshots/nba/latest/260x190/1630573.png,/player/1630573/sam-hauser/,sam hauser,1630573
JaxsonHayes,https://cdn.nba.com/headshots/nba/latest/260x190/1629637.png,/player/1629637/jaxson-hayes/,jaxson hayes,1629637
KillianHayes,https://cdn.nba.com/headshots/nba/latest/260x190/1630165.png,/player/1630165/killian-hayes/,killian hayes,1630165
GordonHayward,https://cdn.nba.com/headshots/nba/latest/260x190/202330.png,/player/202330/gordon-hayward/,gordon hayward,202330
JuanchoHernangomez,https://cdn.nba.com/headshots/nba/latest/260x190/1627823.png,/player/1627823/juancho-hernangomez/,juancho hernangomez,1627823
WillyHernangomez,https://cdn.nba.com/headshots/nba/latest/260x190/1626195.png,/player/1626195/willy-hernangomez/,willy hernangomez,1626195
TylerHerro,https://cdn.nba.com/headshots/nba/latest/260x190/1629639.png,/player/1629639/tyler-herro/,tyler herro,1629639
BuddyHield,https://cdn.nba.com/headshots/nba/latest/260x190/1627741.png,/player/1627741/buddy-hield/,buddy hield,1627741
HaywoodHighsmith,https://cdn.nba.com/headshots/nba/latest/260x190/1629312.png,/player/1629312/haywood-highsmith/,haywood highsmith,1629312
GeorgeHill,https://cdn.nba.com/headshots/nba/latest/260x190/201588.png,/player/201588/george-hill/,george hill,201588
MalcolmHill,https://cdn.nba.com/headshots/nba/latest/260x190/1630792.png,/player/1630792/malcolm-hill/,malcolm hill,1630792
AaronHoliday,https://cdn.nba.com/headshots/nba/latest/260x190/1628988.png,/player/1628988/aaron-holiday/,aaron holiday,1628988
JrueHoliday,https://cdn.nba.com/headshots/nba/latest/260x190/201950.png,/player/201950/jrue-holiday/,jrue holiday,201950
JustinHoliday,https://cdn.nba.com/headshots/nba/latest/260x190/203200.png,/player/203200/justin-holiday/,justin holiday,203200
RichaunHolmes,https://cdn.nba.com/headshots/nba/latest/260x190/1626158.png,/player/1626158/richaun-holmes/,richaun holmes,1626158
ChetHolmgren,https://cdn.nba.com/headshots/nba/latest/260x190/1631096.png,/player/1631096/chet-holmgren/,chet holmgren,1631096
AlHorford,https://cdn.nba.com/headshots/nba/latest/260x190/201143.png,/player/201143/al-horford/,al horford,201143
TalenHorton-Tucker,https://cdn.nba.com/headshots/nba/latest/260x190/1629659.png,/player/1629659/talen-horton-tucker/,talen horton tucker,1629659
DanuelHouse Jr.,https://cdn.nba.com/headshots/nba/latest/260x190/1627863.png,/player/1627863/danuel-house-jr/,danuel house jr,1627863
CalebHoustan,https://cdn.nba.com/headshots/nba/latest/260x190/1631216.png,/player/1631216/caleb-houstan/,caleb houstan,1631216
TrevorHudgins,https://cdn.nba.com/headshots/nba/latest/260x190/1631309.png,/player/1631309/trevor-hudgins/,trevor hudgins,1631309
KevinHuerter,https://cdn.nba.com/headshots/nba/latest/260x190/1628989.png,/player/1628989/kevin-huerter/,kevin huerter,1628989
De'AndreHunter,https://cdn.nba.com/headshots/nba/latest/260x190/1629631.png,/player/1629631/deandre-hunter/,deandre hunter,1629631
BonesHyland,https://cdn.nba.com/headshots/nba/latest/260x190/1630538.png,/player/1630538/bones-hyland/,bones hyland,1630538
SergeIbaka,https://cdn.nba.com/headshots/nba/latest/260x190/201586.png,/player/201586/serge-ibaka/,serge ibaka,201586
AndreIguodala,https://cdn.nba.com/headshots/nba/latest/260x190/2738.png,/player/2738/andre-iguodala/,andre iguodala,2738
JoeIngles,https://cdn.nba.com/headshots/nba/latest/260x190/204060.png,/player/204060/joe-ingles/,joe ingles,204060
BrandonIngram,https://cdn.nba.com/headshots/nba/latest/260x190/1627742.png,/player/1627742/brandon-ingram/,brandon ingram,1627742
KyrieIrving,https://cdn.nba.com/headshots/nba/latest/260x190/202681.png,/player/202681/kyrie-irving/,kyrie irving,202681
JonathanIsaac,https://cdn.nba.com/headshots/nba/latest/260x190/1628371.png,/player/1628371/jonathan-isaac/,jonathan isaac,1628371
JadenIvey,https://cdn.nba.com/headshots/nba/latest/260x190/1631093.png,/player/1631093/jaden-ivey/,jaden ivey,1631093
IsaiahJackson,https://cdn.nba.com/headshots/nba/latest/260x190/1630543.png,/player/1630543/isaiah-jackson/,isaiah jackson,1630543
JustinJackson,https://cdn.nba.com/headshots/nba/latest/260x190/1628382.png,/player/1628382/justin-jackson/,justin jackson,1628382
ReggieJackson,https://cdn.nba.com/headshots/nba/latest/260x190/202704.png,/player/202704/reggie-jackson/,reggie jackson,202704
JarenJackson Jr.,https://cdn.nba.com/headshots/nba/latest/260x190/1628991.png,/player/1628991/jaren-jackson-jr/,jaren jackson jr,1628991
LeBronJames,https://cdn.nba.com/headshots/nba/latest/260x190/2544.png,/player/2544/lebron-james/,lebron james,2544
DaQuanJeffries,https://cdn.nba.com/headshots/nba/latest/260x190/1629610.png,/player/1629610/daquan-jeffries/,daquan jeffries,1629610
TyJerome,https://cdn.nba.com/headshots/nba/latest/260x190/1629660.png,/player/1629660/ty-jerome/,ty jerome,1629660
IsaiahJoe,https://cdn.nba.com/headshots/nba/latest/260x190/1630198.png,/player/1630198/isaiah-joe/,isaiah joe,1630198
AlizeJohnson,https://cdn.nba.com/headshots/nba/latest/260x190/1628993.png,/player/1628993/alize-johnson/,alize johnson,1628993
CameronJohnson,https://cdn.nba.com/headshots/nba/latest/260x190/1629661.png,/player/1629661/cameron-johnson/,cameron johnson,1629661
JalenJohnson,https://cdn.nba.com/headshots/nba/latest/260x190/1630552.png,/player/1630552/jalen-johnson/,jalen johnson,1630552
JamesJohnson,https://cdn.nba.com/headshots/nba/latest/260x190/201949.png,/player/201949/james-johnson/,james johnson,201949
KeldonJohnson,https://cdn.nba.com/headshots/nba/latest/260x190/1629640.png,/player/1629640/keldon-johnson/,keldon johnson,1629640
KeonJohnson,https://cdn.nba.com/headshots/nba/latest/260x190/1630553.png,/player/1630553/keon-johnson/,keon johnson,1630553
StanleyJohnson,https://cdn.nba.com/headshots/nba/latest/260x190/1626169.png,/player/1626169/stanley-johnson/,stanley johnson,1626169
NikolaJokic,https://cdn.nba.com/headshots/nba/latest/260x190/203999.png,/player/203999/nikola-jokic/,nikola jokic,203999
CarlikJones,https://cdn.nba.com/headshots/nba/latest/260x190/1630637.png,/player/1630637/carlik-jones/,carlik jones,1630637
DamianJones,https://cdn.nba.com/headshots/nba/latest/260x190/1627745.png,/player/1627745/damian-jones/,damian jones,1627745
HerbertJones,https://cdn.nba.com/headshots/nba/latest/260x190/1630529.png,/player/1630529/herbert-jones/,herbert jones,1630529
KaiJones,https://cdn.nba.com/headshots/nba/latest/260x190/1630539.png,/player/1630539/kai-jones/,kai jones,1630539
TreJones,https://cdn.nba.com/headshots/nba/latest/260x190/1630200.png,/player/1630200/tre-jones/,tre jones,1630200
TyusJones,https://cdn.nba.com/headshots/nba/latest/260x190/1626145.png,/player/1626145/tyus-jones/,tyus jones,1626145
DerrickJones Jr.,https://cdn.nba.com/headshots/nba/latest/260x190/1627884.png,/player/1627884/derrick-jones-jr/,derrick jones jr,1627884
DeAndreJordan,https://cdn.nba.com/headshots/nba/latest/260x190/201599.png,/player/201599/deandre-jordan/,deandre jordan,201599
CoryJoseph,https://cdn.nba.com/headshots/nba/latest/260x190/202709.png,/player/202709/cory-joseph/,cory joseph,202709
NikolaJovic,https://cdn.nba.com/headshots/nba/latest/260x190/1631107.png,/player/1631107/nikola-jovic/,nikola jovic,1631107
JohnnyJuzang,https://cdn.nba.com/headshots/nba/latest/260x190/1630548.png,/player/1630548/johnny-juzang/,johnny juzang,1630548
MfionduKabengele,https://cdn.nba.com/headshots/nba/latest/260x190/1629662.png,/player/1629662/mfiondu-kabengele/,mfiondu kabengele,1629662
FrankKaminsky,https://cdn.nba.com/headshots/nba/latest/260x190/1626163.png,/player/1626163/frank-kaminsky/,frank kaminsky,1626163
TrevorKeels,https://cdn.nba.com/headshots/nba/latest/260x190/1631211.png,/player/1631211/trevor-keels/,trevor keels,1631211
LukeKennard,https://cdn.nba.com/headshots/nba/latest/260x190/1628379.png,/player/1628379/luke-kennard/,luke kennard,1628379
WalkerKessler,https://cdn.nba.com/headshots/nba/latest/260x190/1631117.png,/player/1631117/walker-kessler/,walker kessler,1631117
BraxtonKey,https://cdn.nba.com/headshots/nba/latest/260x190/1630296.png,/player/1630296/braxton-key/,braxton key,1630296
LouisKing,https://cdn.nba.com/headshots/nba/latest/260x190/1629663.png,/player/1629663/louis-king/,louis king,1629663
CoreyKispert,https://cdn.nba.com/headshots/nba/latest/260x190/1630557.png,/player/1630557/corey-kispert/,corey kispert,1630557
MaxiKleber,https://cdn.nba.com/headshots/nba/latest/260x190/1628467.png,/player/1628467/maxi-kleber/,maxi kleber,1628467
NathanKnight,https://cdn.nba.com/headshots/nba/latest/260x190/1630233.png,/player/1630233/nathan-knight/,nathan knight,1630233
KevinKnox II,https://cdn.nba.com/headshots/nba/latest/260x190/1628995.png,/player/1628995/kevin-knox-ii/,kevin knox ii,1628995
ChristianKoloko,https://cdn.nba.com/headshots/nba/latest/260x190/1631132.png,/player/1631132/christian-koloko/,christian koloko,1631132
JohnKonchar,https://cdn.nba.com/headshots/nba/latest/260x190/1629723.png,/player/1629723/john-konchar/,john konchar,1629723
FurkanKorkmaz,https://cdn.nba.com/headshots/nba/latest/260x190/1627788.png,/player/1627788/furkan-korkmaz/,furkan korkmaz,1627788
LukeKornet,https://cdn.nba.com/headshots/nba/latest/260x190/1628436.png,/player/1628436/luke-kornet/,luke kornet,1628436
VitKrejci,https://cdn.nba.com/headshots/nba/latest/260x190/1630249.png,/player/1630249/vit-krejci/,vit krejci,1630249
JonathanKuminga,https://cdn.nba.com/headshots/nba/latest/260x190/1630228.png,/player/1630228/jonathan-kuminga/,jonathan kuminga,1630228
KyleKuzma,https://cdn.nba.com/headshots/nba/latest/260x190/1628398.png,/player/1628398/kyle-kuzma/,kyle kuzma,1628398
JakeLaRavia,https://cdn.nba.com/headshots/nba/latest/260x190/1631222.png,/player/1631222/jake-laravia/,jake laravia,1631222
ZachLaVine,https://cdn.nba.com/headshots/nba/latest/260x190/203897.png,/player/203897/zach-lavine/,zach lavine,203897
AnthonyLamb,https://cdn.nba.com/headshots/nba/latest/260x190/1630237.png,/player/1630237/anthony-lamb/,anthony lamb,1630237
JockLandale,https://cdn.nba.com/headshots/nba/latest/260x190/1629111.png,/player/1629111/jock-landale/,jock landale,1629111
RomeoLangford,https://cdn.nba.com/headshots/nba/latest/260x190/1629641.png,/player/1629641/romeo-langford/,romeo langford,1629641
A.J.Lawson,https://cdn.nba.com/headshots/nba/latest/260x190/1630639.png,/player/1630639/aj-lawson/,aj lawson,1630639
CarisLeVert,https://cdn.nba.com/headshots/nba/latest/260x190/1627747.png,/player/1627747/caris-levert/,caris levert,1627747
DamionLee,https://cdn.nba.com/headshots/nba/latest/260x190/1627814.png,/player/1627814/damion-lee/,damion lee,1627814
SabenLee,https://cdn.nba.com/headshots/nba/latest/260x190/1630240.png,/player/1630240/saben-lee/,saben lee,1630240
AlexLen,https://cdn.nba.com/headshots/nba/latest/260x190/203458.png,/player/203458/alex-len/,alex len,203458
KawhiLeonard,https://cdn.nba.com/headshots/nba/latest/260x190/202695.png,/player/202695/kawhi-leonard/,kawhi leonard,202695
KiraLewis Jr.,https://cdn.nba.com/headshots/nba/latest/260x190/1630184.png,/player/1630184/kira-lewis-jr/,kira lewis jr,1630184
E.J.Liddell,https://cdn.nba.com/headshots/nba/latest/260x190/1630604.png,/player/1630604/ej-liddell/,ej liddell,1630604
DamianLillard,https://cdn.nba.com/headshots/nba/latest/260x190/203081.png,/player/203081/damian-lillard/,damian lillard,203081
NassirLittle,https://cdn.nba.com/headshots/nba/latest/260x190/1629642.png,/player/1629642/nassir-little/,nassir little,1629642
IsaiahLivers,https://cdn.nba.com/headshots/nba/latest/260x190/1630587.png,/player/1630587/isaiah-livers/,isaiah livers,1630587
KennethLofton Jr.,https://cdn.nba.com/headshots/nba/latest/260x190/1631254.png,/player/1631254/kenneth-lofton-jr/,kenneth lofton jr,1631254
KevonLooney,https://cdn.nba.com/headshots/nba/latest/260x190/1626172.png,/player/1626172/kevon-looney/,kevon looney,1626172
BrookLopez,https://cdn.nba.com/headshots/nba/latest/260x190/201572.png,/player/201572/brook-lopez/,brook lopez,201572
RobinLopez,https://cdn.nba.com/headshots/nba/latest/260x190/201577.png,/player/201577/robin-lopez/,robin lopez,201577
KevinLove,https://cdn.nba.com/headshots/nba/latest/260x190/201567.png,/player/201567/kevin-love/,kevin love,201567
KyleLowry,https://cdn.nba.com/headshots/nba/latest/260x190/200768.png,/player/200768/kyle-lowry/,kyle lowry,200768
TreyLyles,https://cdn.nba.com/headshots/nba/latest/260x190/1626168.png,/player/1626168/trey-lyles/,trey lyles,1626168
TheoMaledon,https://cdn.nba.com/headshots/nba/latest/260x190/1630177.png,/player/1630177/theo-maledon/,theo maledon,1630177
SandroMamukelashvili,https://cdn.nba.com/headshots/nba/latest/260x190/1630572.png,/player/1630572/sandro-mamukelashvili/,sandro mamukelashvili,1630572
TeranceMann,https://cdn.nba.com/headshots/nba/latest/260x190/1629611.png,/player/1629611/terance-mann/,terance mann,1629611
TreMann,https://cdn.nba.com/headshots/nba/latest/260x190/1630544.png,/player/1630544/tre-mann/,tre mann,1630544
BobanMarjanovic,https://cdn.nba.com/headshots/nba/latest/260x190/1626246.png,/player/1626246/boban-marjanovic/,boban marjanovic,1626246
LauriMarkkanen,https://cdn.nba.com/headshots/nba/latest/260x190/1628374.png,/player/1628374/lauri-markkanen/,lauri markkanen,1628374
NajiMarshall,https://cdn.nba.com/headshots/nba/latest/260x190/1630230.png,/player/1630230/naji-marshall/,naji marshall,1630230
CalebMartin,https://cdn.nba.com/headshots/nba/latest/260x190/1628997.png,/player/1628997/caleb-martin/,caleb martin,1628997
CodyMartin,https://cdn.nba.com/headshots/nba/latest/260x190/1628998.png,/player/1628998/cody-martin/,cody martin,1628998
TyreseMartin,https://cdn.nba.com/headshots/nba/latest/260x190/1631213.png,/player/1631213/tyrese-martin/,tyrese martin,1631213
KenyonMartin Jr.,https://cdn.nba.com/headshots/nba/latest/260x190/1630231.png,/player/1630231/kenyon-martin-jr/,kenyon martin jr,1630231
GarrisonMathews,https://cdn.nba.com/headshots/nba/latest/260x190/1629726.png,/player/1629726/garrison-mathews/,garrison mathews,1629726
BennedictMathurin,https://cdn.nba.com/headshots/nba/latest/260x190/1631097.png,/player/1631097/bennedict-mathurin/,bennedict mathurin,1631097
WesleyMatthews,https://cdn.nba.com/headshots/nba/latest/260x190/202083.png,/player/202083/wesley-matthews/,wesley matthews,202083
TyreseMaxey,https://cdn.nba.com/headshots/nba/latest/260x190/1630178.png,/player/1630178/tyrese-maxey/,tyrese maxey,1630178
MilesMcBride,https://cdn.nba.com/headshots/nba/latest/260x190/1630540.png,/player/1630540/miles-mcbride/,miles mcbride,1630540
CJMcCollum,https://cdn.nba.com/headshots/nba/latest/260x190/203468.png,/player/203468/cj-mccollum/,cj mccollum,203468
T.J.McConnell,https://cdn.nba.com/headshots/nba/latest/260x190/204456.png,/player/204456/tj-mcconnell/,tj mcconnell,204456
JadenMcDaniels,https://cdn.nba.com/headshots/nba/latest/260x190/1630183.png,/player/1630183/jaden-mcdaniels/,jaden mcdaniels,1630183
JalenMcDaniels,https://cdn.nba.com/headshots/nba/latest/260x190/1629667.png,/player/1629667/jalen-mcdaniels/,jalen mcdaniels,1629667
DougMcDermott,https://cdn.nba.com/headshots/nba/latest/260x190/203926.png,/player/203926/doug-mcdermott/,doug mcdermott,203926
JaValeMcGee,https://cdn.nba.com/headshots/nba/latest/260x190/201580.png,/player/201580/javale-mcgee/,javale mcgee,201580
BryceMcGowens,https://cdn.nba.com/headshots/nba/latest/260x190/1631121.png,/player/1631121/bryce-mcgowens/,bryce mcgowens,1631121
RodneyMcGruder,https://cdn.nba.com/headshots/nba/latest/260x190/203585.png,/player/203585/rodney-mcgruder/,rodney mcgruder,203585
JordanMcLaughlin,https://cdn.nba.com/headshots/nba/latest/260x190/1629162.png,/player/1629162/jordan-mclaughlin/,jordan mclaughlin,1629162
De'AnthonyMelton,https://cdn.nba.com/headshots/nba/latest/260x190/1629001.png,/player/1629001/deanthony-melton/,deanthony melton,1629001
ChimezieMetu,https://cdn.nba.com/headshots/nba/latest/260x190/1629002.png,/player/1629002/chimezie-metu/,chimezie metu,1629002
KhrisMiddleton,https://cdn.nba.com/headshots/nba/latest/260x190/203114.png,/player/203114/khris-middleton/,khris middleton,203114
PattyMills,https://cdn.nba.com/headshots/nba/latest/260x190/201988.png,/player/201988/patty-mills/,patty mills,201988
ShakeMilton,https://cdn.nba.com/headshots/nba/latest/260x190/1629003.png,/player/1629003/shake-milton/,shake milton,1629003
JoshMinott,https://cdn.nba.com/headshots/nba/latest/260x190/1631169.png,/player/1631169/josh-minott/,josh minott,1631169
DavionMitchell,https://cdn.nba.com/headshots/nba/latest/260x190/1630558.png,/player/1630558/davion-mitchell/,davion mitchell,1630558
DonovanMitchell,https://cdn.nba.com/headshots/nba/latest/260x190/1628378.png,/player/1628378/donovan-mitchell/,donovan mitchell,1628378
EvanMobley,https://cdn.nba.com/headshots/nba/latest/260x190/1630596.png,/player/1630596/evan-mobley/,evan mobley,1630596
IsaiahMobley,https://cdn.nba.com/headshots/nba/latest/260x190/1630600.png,/player/1630600/isaiah-mobley/,isaiah mobley,1630600
ChimaMoneke,https://cdn.nba.com/headshots/nba/latest/260x190/1631320.png,/player/1631320/chima-moneke/,chima moneke,1631320
MalikMonk,https://cdn.nba.com/headshots/nba/latest/260x190/1628370.png,/player/1628370/malik-monk/,malik monk,1628370
MosesMoody,https://cdn.nba.com/headshots/nba/latest/260x190/1630541.png,/player/1630541/moses-moody/,moses moody,1630541
WendellMoore Jr.,https://cdn.nba.com/headshots/nba/latest/260x190/1631111.png,/player/1631111/wendell-moore-jr/,wendell moore jr,1631111
JaMorant,https://cdn.nba.com/headshots/nba/latest/260x190/1629630.png,/player/1629630/ja-morant/,ja morant,1629630
MarkieffMorris,https://cdn.nba.com/headshots/nba/latest/260x190/202693.png,/player/202693/markieff-morris/,markieff morris,202693
MonteMorris,https://cdn.nba.com/headshots/nba/latest/260x190/1628420.png,/player/1628420/monte-morris/,monte morris,1628420
MarcusMorris Sr.,https://cdn.nba.com/headshots/nba/latest/260x190/202694.png,/player/202694/marcus-morris-sr/,marcus morris sr,202694
TreyMurphy III,https://cdn.nba.com/headshots/nba/latest/260x190/1630530.png,/player/1630530/trey-murphy-iii/,trey murphy iii,1630530
DejounteMurray,https://cdn.nba.com/headshots/nba/latest/260x190/1627749.png,/player/1627749/dejounte-murray/,dejounte murray,1627749
JamalMurray,https://cdn.nba.com/headshots/nba/latest/260x190/1627750.png,/player/1627750/jamal-murray/,jamal murray,1627750
KeeganMurray,https://cdn.nba.com/headshots/nba/latest/260x190/1631099.png,/player/1631099/keegan-murray/,keegan murray,1631099
MikeMuscala,https://cdn.nba.com/headshots/nba/latest/260x190/203488.png,/player/203488/mike-muscala/,mike muscala,203488
SviMykhailiuk,https://cdn.nba.com/headshots/nba/latest/260x190/1629004.png,/player/1629004/svi-mykhailiuk/,svi mykhailiuk,1629004
LarryNance Jr.,https://cdn.nba.com/headshots/nba/latest/260x190/1626204.png,/player/1626204/larry-nance-jr/,larry nance jr,1626204
AndrewNembhard,https://cdn.nba.com/headshots/nba/latest/260x190/1629614.png,/player/1629614/andrew-nembhard/,andrew nembhard,1629614
AaronNesmith,https://cdn.nba.com/headshots/nba/latest/260x190/1630174.png,/player/1630174/aaron-nesmith/,aaron nesmith,1630174
RaulNeto,https://cdn.nba.com/headshots/nba/latest/260x190/203526.png,/player/203526/raul-neto/,raul neto,203526
GeorgesNiang,https://cdn.nba.com/headshots/nba/latest/260x190/1627777.png,/player/1627777/georges-niang/,georges niang,1627777
DaishenNix,https://cdn.nba.com/headshots/nba/latest/260x190/1630227.png,/player/1630227/daishen-nix/,daishen nix,1630227
ZekeNnaji,https://cdn.nba.com/headshots/nba/latest/260x190/1630192.png,/player/1630192/zeke-nnaji/,zeke nnaji,1630192
NerlensNoel,https://cdn.nba.com/headshots/nba/latest/260x190/203457.png,/player/203457/nerlens-noel/,nerlens noel,203457
JaylenNowell,https://cdn.nba.com/headshots/nba/latest/260x190/1629669.png,/player/1629669/jaylen-nowell/,jaylen nowell,1629669
FrankNtilikina,https://cdn.nba.com/headshots/nba/latest/260x190/1628373.png,/player/1628373/frank-ntilikina/,frank ntilikina,1628373
KendrickNunn,https://cdn.nba.com/headshots/nba/latest/260x190/1629134.png,/player/1629134/kendrick-nunn/,kendrick nunn,1629134
JusufNurkic,https://cdn.nba.com/headshots/nba/latest/260x190/203994.png,/player/203994/jusuf-nurkic/,jusuf nurkic,203994
JordanNwora,https://cdn.nba.com/headshots/nba/latest/260x190/1629670.png,/player/1629670/jordan-nwora/,jordan nwora,1629670
RoyceO'Neale,https://cdn.nba.com/headshots/nba/latest/260x190/1626220.png,/player/1626220/royce-oneale/,royce oneale,1626220
ChumaOkeke,https://cdn.nba.com/headshots/nba/latest/260x190/1629643.png,/player/1629643/chuma-okeke/,chuma okeke,1629643
JoshOkogie,https://cdn.nba.com/headshots/nba/latest/260x190/1629006.png,/player/1629006/josh-okogie/,josh okogie,1629006
OnyekaOkongwu,https://cdn.nba.com/headshots/nba/latest/260x190/1630168.png,/player/1630168/onyeka-okongwu/,onyeka okongwu,1630168
IsaacOkoro,https://cdn.nba.com/headshots/nba/latest/260x190/1630171.png,/player/1630171/isaac-okoro/,isaac okoro,1630171
KZOkpala,https://cdn.nba.com/headshots/nba/latest/260x190/1629644.png,/player/1629644/kz-okpala/,kz okpala,1629644
VictorOladipo,https://cdn.nba.com/headshots/nba/latest/260x190/203506.png,/player/203506/victor-oladipo/,victor oladipo,203506
KellyOlynyk,https://cdn.nba.com/headshots/nba/latest/260x190/203482.png,/player/203482/kelly-olynyk/,kelly olynyk,203482
EugeneOmoruyi,https://cdn.nba.com/headshots/nba/latest/260x190/1630647.png,/player/1630647/eugene-omoruyi/,eugene omoruyi,1630647
CediOsman,https://cdn.nba.com/headshots/nba/latest/260x190/1626224.png,/player/1626224/cedi-osman/,cedi osman,1626224
KellyOubre Jr.,https://cdn.nba.com/headshots/nba/latest/260x190/1626162.png,/player/1626162/kelly-oubre-jr/,kelly oubre jr,1626162
ChrisPaul,https://cdn.nba.com/headshots/nba/latest/260x190/101108.png,/player/101108/chris-paul/,chris paul,101108
CameronPayne,https://cdn.nba.com/headshots/nba/latest/260x190/1626166.png,/player/1626166/cameron-payne/,cameron payne,1626166
GaryPayton II,https://cdn.nba.com/headshots/nba/latest/260x190/1627780.png,/player/1627780/gary-payton-ii/,gary payton ii,1627780
TheoPinson,https://cdn.nba.com/headshots/nba/latest/260x190/1629033.png,/player/1629033/theo-pinson/,theo pinson,1629033
ScottyPippen Jr.,https://cdn.nba.com/headshots/nba/latest/260x190/1630590.png,/player/1630590/scotty-pippen-jr/,scotty pippen jr,1630590
MasonPlumlee,https://cdn.nba.com/headshots/nba/latest/260x190/203486.png,/player/203486/mason-plumlee/,mason plumlee,203486
JakobPoeltl,https://cdn.nba.com/headshots/nba/latest/260x190/1627751.png,/player/1627751/jakob-poeltl/,jakob poeltl,1627751
AleksejPokusevski,https://cdn.nba.com/headshots/nba/latest/260x190/1630197.png,/player/1630197/aleksej-pokusevski/,aleksej pokusevski,1630197
JordanPoole,https://cdn.nba.com/headshots/nba/latest/260x190/1629673.png,/player/1629673/jordan-poole/,jordan poole,1629673
KevinPorter Jr.,https://cdn.nba.com/headshots/nba/latest/260x190/1629645.png,/player/1629645/kevin-porter-jr/,kevin porter jr,1629645
MichaelPorter Jr.,https://cdn.nba.com/headshots/nba/latest/260x190/1629008.png,/player/1629008/michael-porter-jr/,michael porter jr,1629008
OttoPorter Jr.,https://cdn.nba.com/headshots/nba/latest/260x190/203490.png,/player/203490/otto-porter-jr/,otto porter jr,203490
BobbyPortis,https://cdn.nba.com/headshots/nba/latest/260x190/1626171.png,/player/1626171/bobby-portis/,bobby portis,1626171
KristapsPorzingis,https://cdn.nba.com/headshots/nba/latest/260x190/204001.png,/player/204001/kristaps-porzingis/,kristaps porzingis,204001
MicahPotter,https://cdn.nba.com/headshots/nba/latest/260x190/1630695.png,/player/1630695/micah-potter/,micah potter,1630695
DwightPowell,https://cdn.nba.com/headshots/nba/latest/260x190/203939.png,/player/203939/dwight-powell/,dwight powell,203939
NormanPowell,https://cdn.nba.com/headshots/nba/latest/260x190/1626181.png,/player/1626181/norman-powell/,norman powell,1626181
JasonPreston,https://cdn.nba.com/headshots/nba/latest/260x190/1630554.png,/player/1630554/jason-preston/,jason preston,1630554
JoshuaPrimo,https://cdn.nba.com/headshots/nba/latest/260x190/1630563.png,/player/1630563/joshua-primo/,joshua primo,1630563
TaureanPrince,https://cdn.nba.com/headshots/nba/latest/260x190/1627752.png,/player/1627752/taurean-prince/,taurean prince,1627752
PaytonPritchard,https://cdn.nba.com/headshots/nba/latest/260x190/1630202.png,/player/1630202/payton-pritchard/,payton pritchard,1630202
TrevelinQueen,https://cdn.nba.com/headshots/nba/latest/260x190/1630243.png,/player/1630243/trevelin-queen/,trevelin queen,1630243
NeemiasQueta,https://cdn.nba.com/headshots/nba/latest/260x190/1629674.png,/player/1629674/neemias-queta/,neemias queta,1629674
ImmanuelQuickley,https://cdn.nba.com/headshots/nba/latest/260x190/1630193.png,/player/1630193/immanuel-quickley/,immanuel quickley,1630193
JuliusRandle,https://cdn.nba.com/headshots/nba/latest/260x190/203944.png,/player/203944/julius-randle/,julius randle,203944
AustinReaves,https://cdn.nba.com/headshots/nba/latest/260x190/1630559.png,/player/1630559/austin-reaves/,austin reaves,1630559
CamReddish,https://cdn.nba.com/headshots/nba/latest/260x190/1629629.png,/player/1629629/cam-reddish/,cam reddish,1629629
DavonReed,https://cdn.nba.com/headshots/nba/latest/260x190/1628432.png,/player/1628432/davon-reed/,davon reed,1628432
PaulReed,https://cdn.nba.com/headshots/nba/latest/260x190/1630194.png,/player/1630194/paul-reed/,paul reed,1630194
NazReid,https://cdn.nba.com/headshots/nba/latest/260x190/1629675.png,/player/1629675/naz-reid/,naz reid,1629675
JaredRhoden,https://cdn.nba.com/headshots/nba/latest/260x190/1631197.png,/player/1631197/jared-rhoden/,jared rhoden,1631197
NickRichards,https://cdn.nba.com/headshots/nba/latest/260x190/1630208.png,/player/1630208/nick-richards/,nick richards,1630208
JoshRichardson,https://cdn.nba.com/headshots/nba/latest/260x190/1626196.png,/player/1626196/josh-richardson/,josh richardson,1626196
AustinRivers,https://cdn.nba.com/headshots/nba/latest/260x190/203085.png,/player/203085/austin-rivers/,austin rivers,203085
DuncanRobinson,https://cdn.nba.com/headshots/nba/latest/260x190/1629130.png,/player/1629130/duncan-robinson/,duncan robinson,1629130
MitchellRobinson,https://cdn.nba.com/headshots/nba/latest/260x190/1629011.png,/player/1629011/mitchell-robinson/,mitchell robinson,1629011
OrlandoRobinson,https://cdn.nba.com/headshots/nba/latest/260x190/1631115.png,/player/1631115/orlando-robinson/,orlando robinson,1631115
JeremiahRobinson-Earl,https://cdn.nba.com/headshots/nba/latest/260x190/1630526.png,/player/1630526/jeremiah-robinson-earl/,jeremiah robinson earl,1630526
IsaiahRoby,https://cdn.nba.com/headshots/nba/latest/260x190/1629676.png,/player/1629676/isaiah-roby/,isaiah roby,1629676
DavidRoddy,https://cdn.nba.com/headshots/nba/latest/260x190/1631223.png,/player/1631223/david-roddy/,david roddy,1631223
RyanRollins,https://cdn.nba.com/headshots/nba/latest/260x190/1631157.png,/player/1631157/ryan-rollins/,ryan rollins,1631157
DerrickRose,https://cdn.nba.com/headshots/nba/latest/260x190/201565.png,/player/201565/derrick-rose/,derrick rose,201565
TerrenceRoss,https://cdn.nba.com/headshots/nba/latest/260x190/203082.png,/player/203082/terrence-ross/,terrence ross,203082
TerryRozier,https://cdn.nba.com/headshots/nba/latest/260x190/1626179.png,/player/1626179/terry-rozier/,terry rozier,1626179
RickyRubio,https://cdn.nba.com/headshots/nba/latest/260x190/201937.png,/player/201937/ricky-rubio/,ricky rubio,201937
D'AngeloRussell,https://cdn.nba.com/headshots/nba/latest/260x190/1626156.png,/player/1626156/dangelo-russell/,dangelo russell,1626156
MattRyan,https://cdn.nba.com/headshots/nba/latest/260x190/1630346.png,/player/1630346/matt-ryan/,matt ryan,1630346
DomantasSabonis,https://cdn.nba.com/headshots/nba/latest/260x190/1627734.png,/player/1627734/domantas-sabonis/,domantas sabonis,1627734
DarioSaric,https://cdn.nba.com/headshots/nba/latest/260x190/203967.png,/player/203967/dario-saric/,dario saric,203967
JordanSchakel,https://cdn.nba.com/headshots/nba/latest/260x190/1630648.png,/player/1630648/jordan-schakel/,jordan schakel,1630648
AdmiralSchofield,https://cdn.nba.com/headshots/nba/latest/260x190/1629678.png,/player/1629678/admiral-schofield/,admiral schofield,1629678
DennisSchroder,https://cdn.nba.com/headshots/nba/latest/260x190/203471.png,/player/203471/dennis-schroder/,dennis schroder,203471
DereonSeabron,https://cdn.nba.com/headshots/nba/latest/260x190/1631220.png,/player/1631220/dereon-seabron/,dereon seabron,1631220
AlperenSengun,https://cdn.nba.com/headshots/nba/latest/260x190/1630578.png,/player/1630578/alperen-sengun/,alperen sengun,1630578
CollinSexton,https://cdn.nba.com/headshots/nba/latest/260x190/1629012.png,/player/1629012/collin-sexton/,collin sexton,1629012
LandryShamet,https://cdn.nba.com/headshots/nba/latest/260x190/1629013.png,/player/1629013/landry-shamet/,landry shamet,1629013
Day'RonSharpe,https://cdn.nba.com/headshots/nba/latest/260x190/1630549.png,/player/1630549/dayron-sharpe/,dayron sharpe,1630549
ShaedonSharpe,https://cdn.nba.com/headshots/nba/latest/260x190/1631101.png,/player/1631101/shaedon-sharpe/,shaedon sharpe,1631101
PascalSiakam,https://cdn.nba.com/headshots/nba/latest/260x190/1627783.png,/player/1627783/pascal-siakam/,pascal siakam,1627783
BenSimmons,https://cdn.nba.com/headshots/nba/latest/260x190/1627732.png,/player/1627732/ben-simmons/,ben simmons,1627732
MarkoSimonovic,https://cdn.nba.com/headshots/nba/latest/260x190/1630250.png,/player/1630250/marko-simonovic/,marko simonovic,1630250
AnferneeSimons,https://cdn.nba.com/headshots/nba/latest/260x190/1629014.png,/player/1629014/anfernee-simons/,anfernee simons,1629014
JerichoSims,https://cdn.nba.com/headshots/nba/latest/260x190/1630579.png,/player/1630579/jericho-sims/,jericho sims,1630579
MarcusSmart,https://cdn.nba.com/headshots/nba/latest/260x190/203935.png,/player/203935/marcus-smart/,marcus smart,203935
DruSmith,https://cdn.nba.com/headshots/nba/latest/260x190/1630696.png,/player/1630696/dru-smith/,dru smith,1630696
IshSmith,https://cdn.nba.com/headshots/nba/latest/260x190/202397.png,/player/202397/ish-smith/,ish smith,202397
JalenSmith,https://cdn.nba.com/headshots/nba/latest/260x190/1630188.png,/player/1630188/jalen-smith/,jalen smith,1630188
DennisSmith Jr.,https://cdn.nba.com/headshots/nba/latest/260x190/1628372.png,/player/1628372/dennis-smith-jr/,dennis smith jr,1628372
JabariSmith Jr.,https://cdn.nba.com/headshots/nba/latest/260x190/1631095.png,/player/1631095/jabari-smith-jr/,jabari smith jr,1631095
JeremySochan,https://cdn.nba.com/headshots/nba/latest/260x190/1631110.png,/player/1631110/jeremy-sochan/,jeremy sochan,1631110
JadenSpringer,https://cdn.nba.com/headshots/nba/latest/260x190/1630531.png,/player/1630531/jaden-springer/,jaden springer,1630531
LamarStevens,https://cdn.nba.com/headshots/nba/latest/260x190/1630205.png,/player/1630205/lamar-stevens/,lamar stevens,1630205
IsaiahStewart,https://cdn.nba.com/headshots/nba/latest/260x190/1630191.png,/player/1630191/isaiah-stewart/,isaiah stewart,1630191
MaxStrus,https://cdn.nba.com/headshots/nba/latest/260x190/1629622.png,/player/1629622/max-strus/,max strus,1629622
JalenSuggs,https://cdn.nba.com/headshots/nba/latest/260x190/1630591.png,/player/1630591/jalen-suggs/,jalen suggs,1630591
EdmondSumner,https://cdn.nba.com/headshots/nba/latest/260x190/1628410.png,/player/1628410/edmond-sumner/,edmond sumner,1628410
ColeSwider,https://cdn.nba.com/headshots/nba/latest/260x190/1631306.png,/player/1631306/cole-swider/,cole swider,1631306
Jae'SeanTate,https://cdn.nba.com/headshots/nba/latest/260x190/1630256.png,/player/1630256/jaesean-tate/,jaesean tate,1630256
JaysonTatum,https://cdn.nba.com/headshots/nba/latest/260x190/1628369.png,/player/1628369/jayson-tatum/,jayson tatum,1628369
TerryTaylor,https://cdn.nba.com/headshots/nba/latest/260x190/1630678.png,/player/1630678/terry-taylor/,terry taylor,1630678
GarrettTemple,https://cdn.nba.com/headshots/nba/latest/260x190/202066.png,/player/202066/garrett-temple/,garrett temple,202066
DalenTerry,https://cdn.nba.com/headshots/nba/latest/260x190/1631207.png,/player/1631207/dalen-terry/,dalen terry,1631207
DanielTheis,https://cdn.nba.com/headshots/nba/latest/260x190/1628464.png,/player/1628464/daniel-theis/,daniel theis,1628464
CamThomas,https://cdn.nba.com/headshots/nba/latest/260x190/1630560.png,/player/1630560/cam-thomas/,cam thomas,1630560
KlayThompson,https://cdn.nba.com/headshots/nba/latest/260x190/202691.png,/player/202691/klay-thompson/,klay thompson,202691
JTThor,https://cdn.nba.com/headshots/nba/latest/260x190/1630550.png,/player/1630550/jt-thor/,jt thor,1630550
MatisseThybulle,https://cdn.nba.com/headshots/nba/latest/260x190/1629680.png,/player/1629680/matisse-thybulle/,matisse thybulle,1629680
XavierTillman,https://cdn.nba.com/headshots/nba/latest/260x190/1630214.png,/player/1630214/xavier-tillman/,xavier tillman,1630214
IsaiahTodd,https://cdn.nba.com/headshots/nba/latest/260x190/1630225.png,/player/1630225/isaiah-todd/,isaiah todd,1630225
ObiToppin,https://cdn.nba.com/headshots/nba/latest/260x190/1630167.png,/player/1630167/obi-toppin/,obi toppin,1630167
JuanToscano-Anderson,https://cdn.nba.com/headshots/nba/latest/260x190/1629308.png,/player/1629308/juan-toscano-anderson/,juan toscano anderson,1629308
Karl-AnthonyTowns,https://cdn.nba.com/headshots/nba/latest/260x190/1626157.png,/player/1626157/karl-anthony-towns/,karl anthony towns,1626157
GaryTrent Jr.,https://cdn.nba.com/headshots/nba/latest/260x190/1629018.png,/player/1629018/gary-trent-jr/,gary trent jr,1629018
P.J.Tucker,https://cdn.nba.com/headshots/nba/latest/260x190/200782.png,/player/200782/pj-tucker/,pj tucker,200782
MylesTurner,https://cdn.nba.com/headshots/nba/latest/260x190/1626167.png,/player/1626167/myles-turner/,myles turner,1626167
JonasValanciunas,https://cdn.nba.com/headshots/nba/latest/260x190/202685.png,/player/202685/jonas-valanciunas/,jonas valanciunas,202685
FredVanVleet,https://cdn.nba.com/headshots/nba/latest/260x190/1627832.png,/player/1627832/fred-vanvleet/,fred vanvleet,1627832
JarredVanderbilt,https://cdn.nba.com/headshots/nba/latest/260x190/1629020.png,/player/1629020/jarred-vanderbilt/,jarred vanderbilt,1629020
DevinVassell,https://cdn.nba.com/headshots/nba/latest/260x190/1630170.png,/player/1630170/devin-vassell/,devin vassell,1630170
GabeVincent,https://cdn.nba.com/headshots/nba/latest/260x190/1629216.png,/player/1629216/gabe-vincent/,gabe vincent,1629216
NoahVonleh,https://cdn.nba.com/headshots/nba/latest/260x190/203943.png,/player/203943/noah-vonleh/,noah vonleh,203943
NikolaVucevic,https://cdn.nba.com/headshots/nba/latest/260x190/202696.png,/player/202696/nikola-vucevic/,nikola vucevic,202696
DeanWade,https://cdn.nba.com/headshots/nba/latest/260x190/1629731.png,/player/1629731/dean-wade/,dean wade,1629731
FranzWagner,https://cdn.nba.com/headshots/nba/latest/260x190/1630532.png,/player/1630532/franz-wagner/,franz wagner,1630532
MoritzWagner,https://cdn.nba.com/headshots/nba/latest/260x190/1629021.png,/player/1629021/moritz-wagner/,moritz wagner,1629021
IshWainright,https://cdn.nba.com/headshots/nba/latest/260x190/1630688.png,/player/1630688/ish-wainright/,ish wainright,1630688
JabariWalker,https://cdn.nba.com/headshots/nba/latest/260x190/1631133.png,/player/1631133/jabari-walker/,jabari walker,1631133
KembaWalker,https://cdn.nba.com/headshots/nba/latest/260x190/202689.png,/player/202689/kemba-walker/,kemba walker,202689
LonnieWalker IV,https://cdn.nba.com/headshots/nba/latest/260x190/1629022.png,/player/1629022/lonnie-walker-iv/,lonnie walker iv,1629022
JohnWall,https://cdn.nba.com/headshots/nba/latest/260x190/202322.png,/player/202322/john-wall/,john wall,202322
T.J.Warren,https://cdn.nba.com/headshots/nba/latest/260x190/203933.png,/player/203933/tj-warren/,tj warren,203933
P.J.Washington,https://cdn.nba.com/headshots/nba/latest/260x190/1629023.png,/player/1629023/pj-washington/,pj washington,1629023
DuaneWashington Jr.,https://cdn.nba.com/headshots/nba/latest/260x190/1630613.png,/player/1630613/duane-washington-jr/,duane washington jr,1630613
TyTyWashington Jr.,https://cdn.nba.com/headshots/nba/latest/260x190/1631102.png,/player/1631102/tyty-washington-jr/,tyty washington jr,1631102
YutaWatanabe,https://cdn.nba.com/headshots/nba/latest/260x190/1629139.png,/player/1629139/yuta-watanabe/,yuta watanabe,1629139
LindyWaters III,https://cdn.nba.com/headshots/nba/latest/260x190/1630322.png,/player/1630322/lindy-waters-iii/,lindy waters iii,1630322
TrendonWatford,https://cdn.nba.com/headshots/nba/latest/260x190/1630570.png,/player/1630570/trendon-watford/,trendon watford,1630570
PeytonWatson,https://cdn.nba.com/headshots/nba/latest/260x190/1631212.png,/player/1631212/peyton-watson/,peyton watson,1631212
BlakeWesley,https://cdn.nba.com/headshots/nba/latest/260x190/1631104.png,/player/1631104/blake-wesley/,blake wesley,1631104
RussellWestbrook,https://cdn.nba.com/headshots/nba/latest/260x190/201566.png,/player/201566/russell-westbrook/,russell westbrook,201566
CobyWhite,https://cdn.nba.com/headshots/nba/latest/260x190/1629632.png,/player/1629632/coby-white/,coby white,1629632
DerrickWhite,https://cdn.nba.com/headshots/nba/latest/260x190/1628401.png,/player/1628401/derrick-white/,derrick white,1628401
JackWhite,https://cdn.nba.com/headshots/nba/latest/260x190/1631298.png,/player/1631298/jack-white/,jack white,1631298
JoeWieskamp,https://cdn.nba.com/headshots/nba/latest/260x190/1630580.png,/player/1630580/joe-wieskamp/,joe wieskamp,1630580
AaronWiggins,https://cdn.nba.com/headshots/nba/latest/260x190/1630598.png,/player/1630598/aaron-wiggins/,aaron wiggins,1630598
AndrewWiggins,https://cdn.nba.com/headshots/nba/latest/260x190/203952.png,/player/203952/andrew-wiggins/,andrew wiggins,203952
AlondesWilliams,https://cdn.nba.com/headshots/nba/latest/260x190/1631214.png,/player/1631214/alondes-williams/,alondes williams,1631214
GrantWilliams,https://cdn.nba.com/headshots/nba/latest/260x190/1629684.png,/player/1629684/grant-williams/,grant williams,1629684
JalenWilliams,https://cdn.nba.com/headshots/nba/latest/260x190/1631114.png,/player/1631114/jalen-williams/,jalen williams,1631114
JaylinWilliams,https://cdn.nba.com/headshots/nba/latest/260x190/1631119.png,/player/1631119/jaylin-williams/,jaylin williams,1631119
KenrichWilliams,https://cdn.nba.com/headshots/nba/latest/260x190/1629026.png,/player/1629026/kenrich-williams/,kenrich williams,1629026
MarkWilliams,https://cdn.nba.com/headshots/nba/latest/260x190/1631109.png,/player/1631109/mark-williams/,mark williams,1631109
PatrickWilliams,https://cdn.nba.com/headshots/nba/latest/260x190/1630172.png,/player/1630172/patrick-williams/,patrick williams,1630172
ZiaireWilliams,https://cdn.nba.com/headshots/nba/latest/260x190/1630533.png,/player/1630533/ziaire-williams/,ziaire williams,1630533
RobertWilliams III,https://cdn.nba.com/headshots/nba/latest/260x190/1629057.png,/player/1629057/robert-williams-iii/,robert williams iii,1629057
VinceWilliams Jr.,https://cdn.nba.com/headshots/nba/latest/260x190/1631246.png,/player/1631246/vince-williams-jr/,vince williams jr,1631246
ZionWilliamson,https://cdn.nba.com/headshots/nba/latest/260x190/1629627.png,/player/1629627/zion-williamson/,zion williamson,1629627
DylanWindler,https://cdn.nba.com/headshots/nba/latest/260x190/1629685.png,/player/1629685/dylan-windler/,dylan windler,1629685
JustiseWinslow,https://cdn.nba.com/headshots/nba/latest/260x190/1626159.png,/player/1626159/justise-winslow/,justise winslow,1626159
JamesWiseman,https://cdn.nba.com/headshots/nba/latest/260x190/1630164.png,/player/1630164/james-wiseman/,james wiseman,1630164
ChristianWood,https://cdn.nba.com/headshots/nba/latest/260x190/1626174.png,/player/1626174/christian-wood/,christian wood,1626174
DelonWright,https://cdn.nba.com/headshots/nba/latest/260x190/1626153.png,/player/1626153/delon-wright/,delon wright,1626153
McKinleyWright IV,https://cdn.nba.com/headshots/nba/latest/260x190/1630593.png,/player/1630593/mckinley-wright-iv/,mckinley wright iv,1630593
ThaddeusYoung,https://cdn.nba.com/headshots/nba/latest/260x190/201152.png,/player/201152/thaddeus-young/,thaddeus young,201152
TraeYoung,https://cdn.nba.com/headshots/nba/latest/260x190/1629027.png,/player/1629027/trae-young/,trae young,1629027
OmerYurtseven,https://cdn.nba.com/headshots/nba/latest/260x190/1630209.png,/player/1630209/omer-yurtseven/,omer yurtseven,1630209
IvicaZubac,https://cdn.nba.com/headshots/nba/latest/260x190/1627826.png,/player/1627826/ivica-zubac/,ivica zubac,1627826
